"track_name","valence","duration_ms","lyrics","album_name","album_release_year","album_img","pct_sad","word_count","lyrical_density","gloom_index"
"You",0.305,208667,"you are the sun and moon and stars are you and i could never run away from you you try at working out chaotic things and why should i believe myself not you it's like the world is going to end so soon and why should i believe myself aaaaaaaaah ha hooooooo you me and everything caught in the fire i can see me drowning caught in the fire you me and everything caught in the fire i can see me drowning caught in the fire","Pablo Honey",1993,"https://i.scdn.co/image/e17011b2aa33289dfa6c0828a0e40d6b56ad8820",0,19,0.0910541676450996,50.39
"Creep",0.096,238640,"when you were here before couldn't look you in the eye you're just like an angel your skin makes me cry you float like a feather in a beautiful world pre- chorus i wish i was special you're so fuckin' special but i'm a creep i'm a weirdo what the hell am i doing here i don't belong here i don't care if it hurts i want to have control i want a perfect body i want a perfect soul i want you to notice when i'm not around pre- chorus you're so fuckin' special i wish i was special but i'm a creep i'm a weirdo what the hell am i doing here i don't belong here she's running out again she's running out she's run run run run whatever makes you happy whatever you want you're so fuckin' special i wish i was special but i'm a creep i'm a weirdo what the hell am i doing here i don't belong here i don't belong here","Pablo Honey",1993,"https://i.scdn.co/image/e17011b2aa33289dfa6c0828a0e40d6b56ad8820",0.0784,51,0.21371102916527,22.6
"How Do You?",0.264,132173,"he's bitter and twisted he knows what he wants he wants to be loved and he wants to belong he wants us to listen he wants us to weep and he was a stupid baby who turned into a powerful freak but how do you how do you how do you he lives with his mother but we show him respect he's a dangerous bigot but we always forget and he's just like his daddy because he cheats on his friends and he steals and he bullies anyway that he can but how do you how do you how do you","Pablo Honey",1993,"https://i.scdn.co/image/e17011b2aa33289dfa6c0828a0e40d6b56ad8820",0.0952,21,0.158882676492173,36.56
"Stop Whispering",0.279,325627,"and the wise man said i don't want to hear your voice and the thin man said i don't want to hear your voice and they're cursing me and they won't let me be and there's nothing to say and there's nothing to do stop whispering start shouting stop whispering start shouting and the mother say we spit on your son some more and the buildings say we spit on your face some more and the feeling is that there's something wrong because i can't find the words and i can't find the songs stop whispering start shouting stop whispering start shouting dear sir i have a complaint can't remember what it is it doesn't matter anyway it doesn't matter anyway stop whispering start shouting stop whispering start shouting","Pablo Honey",1993,"https://i.scdn.co/image/e17011b2aa33289dfa6c0828a0e40d6b56ad8820",0.0435,46,0.141265926965516,43.48
"Thinking About You",0.419,161533,"been thinking about you your records are here your eyes are on my wall your teeth are over there but i'm still no one and you're my star what do you care been thinking about you and there's no rest should i still love you still see you in bed but i'm playing with myself and what do you care when the other men are far far better chorus all the things you've got all the things you need who bought you cigarettes who bribed the company to come and see you honey i've been thinking about you so how can you sleep these people aren't your friends they're paid to kiss your feet they don't know what i know and why should you care when i'm not there instrumental break been thinking about you and there's no rest should i still love you still see you in bed but i'm playing with myself and what do you care when i'm not there chorus all the things you've got that you'll never need all the things you've got i've bled and i bleed to please you been thinking about you","Pablo Honey",1993,"https://i.scdn.co/image/e17011b2aa33289dfa6c0828a0e40d6b56ad8820",0,39,0.241436734289588,60.8
"Anyone Can Play Guitar",0.544,217800,"destiny destiny protect me from the world destiny hold my hand protect me from the world here we are with our running and confusion and i don't see no confusion anywhere and if the world does turn and if london burns i'll be standing on the beach with my guitar i wanna be in a band when i get to heaven anyone can play guitar and they won't be a nothing anymore grow my hair grow my hair i am jim morrison grow my hair i wanna be wanna be wanna be jim morrison here we are with our running and confusion and i don't see no confusion anywhere and if the world does turn and if london burns i'll be standing on the beach with my guitar i wanna be in a band when i get to heaven anyone can play guitar and they won't be a nothing anymore","Pablo Honey",1993,"https://i.scdn.co/image/e17011b2aa33289dfa6c0828a0e40d6b56ad8820",0,52,0.238751147842057,72.23
"Ripcord",0.258,189733,"soul destroyed with clever toys for little boys it's inevitable inevitable it's a soul destroyed chorus you're free until you drop you're free until you've had enough but you don't understand you've no ripcord no ripcord no ripcord no ripcord aeroplane do i mean what i mean it's inevitable inevitable oh aeroplane chorus a thousand miles an hour and politics in power that you don't understand you've no ripcord no ripcord no ripcord no ripcord the answer to your prayers we'll drop you anywhere with no ripcord no ripcord no ripcord no ripcord","Pablo Honey",1993,"https://i.scdn.co/image/e17011b2aa33289dfa6c0828a0e40d6b56ad8820",0.05,40,0.21082257698977,40.56
"Vegetable",0.399,192667,"i never wanted anything but this i worked hard tried hard i ran around in domestic bliss i fought hard died long bridge every time you're running out of here every time you're running i get the fear i never wanted any broken bones scarred face no home your words surround me and asphyxiate and i burn all hate bridge every time you're running out on me every time you're running i can see i'm not a vegetable i will not control myself i spit on the hand that feeds me i will not control myself the waters spray the waters run all over me the waters spray the waters run and this time you gonna pay i'm not a vegetable i will not control myself i spit on the hand that feeds me i will not control myself","Pablo Honey",1993,"https://i.scdn.co/image/e17011b2aa33289dfa6c0828a0e40d6b56ad8820",0.0392,51,0.264705424385079,54.45
"Prove Yourself",0.278,145373,"i can't afford to breathe in this time nowhere to sit without a gun in my hand hooked back up to the cathode ray i'm better off dead i'm better off dead i'm better off prove yourself prove yourself prove yourself i wanna breathe i wanna grow i'd say i want it but i don't know how i work i bleed i beg and pray but i'm better off dead i'm better off dead i'm better off prove yourself prove yourself prove yourself i'm better off dead i'm better off dead i'm better off prove yourself prove yourself prove yourself prove yourself why prove yourself prove yourself prove yourself","Pablo Honey",1993,"https://i.scdn.co/image/e17011b2aa33289dfa6c0828a0e40d6b56ad8820",0.0286,35,0.24075997606158,44.68
"I Can't",0.269,253093,"please forget the words that i just blurted out it wasn't me it was my strange and creeping doubt it keeps rattling my cage and there's nothing in this world will keep it down even though i might even though i try i can't even though i might even though i try i can't so many things that keep that keep me underground so many words that i that i can never find if you give up on me now i'll be gutted like i've never been before even though i might even thought i try i can't even though i might even thought i try i can't if you give up on me now i'll be gutted like i've never been before even though i might even thought i try i can't even though i might even thought i try i can't","Pablo Honey",1993,"https://i.scdn.co/image/e17011b2aa33289dfa6c0828a0e40d6b56ad8820",0.1538,13,0.0513645181810639,32.33
"Lurgee",0.389,187867,"i feel better i feel better now you've gone i got better i got better i got strong i feel better i feel better now there's nothing wrong i got better i got better i got strong tell me something tell me something i don't know tell me one thing tell me one thing and let it go i got something i got something heaven knows i got something i got something i don't know","Pablo Honey",1993,"https://i.scdn.co/image/e17011b2aa33289dfa6c0828a0e40d6b56ad8820",0,8,0.0425833169210133,58.06
"Blow Out",0.287,282067,"in my mind and nailed into my heels all the time killing what i feel and everything i touchall wrapped up in cotton wool all wrapped up in sugar-coated pills turns to stone and everything i touchall wrapped up in cotton wool all wrapped up in sugar-coated pills turns to stone i am fused just in case i blow out i am glued just in case i crack out and everything i touch turns to stone everything i touch all wrapped up in cotton wool all wrapped up in sugar-coated pills turns to stone","Pablo Honey",1993,"https://i.scdn.co/image/e17011b2aa33289dfa6c0828a0e40d6b56ad8820",0.0256,39,0.13826502214013,46.08
"Planet Telex",0.272,259200,"you can force it but it will not come you can taste it but it will not form you can crush it but it's always here you can crush it but it's always near chasing you home saying everything is broken everyone is broken you can force it but it will stay stung you can crush it as dry as a bone you can walk it home straight from school you can kiss it you can break all the rules all the rules but still everything is broken everyone is broken everyone is everyone is broken everyone is everything is broken why can't you forget why can't we forget why can't you forget","The Bends",1995,"https://i.scdn.co/image/3a75fdf63322a8fdc86951eb836542093872530b",0.2,30,0.115740740740741,26.99
"The Bends",0.315,246200,"where do we go from here the words are coming out all weird where are you now when i need you alone on an airplane falling asleep against the window pane my blood will thicken i need to wash myself again to hide all the dirt and pain cause i'd be scared that there's nothing underneath but who are my real friends have they all got the bends am i really sinking this low my baby's got the bends oh no we don't have any real friends no no no just lying in the bar with my drip feed on talking to my girlfriend waiting for something to happen i wish it was the sixties i wish i could be happy i wish i wish i wish that something would happen where do we go from here the planet is a gunboat in a sea of fear and where are you they brought in the c i a the tanks and the whole marines to blow me away to blow me sky high my baby's got the bends we don't have any real friends just lying in the bar with my drip feed on talking to my girlfriend waiting for something to happen i wish it was the sixties i wish i could be happy i wish i wish i wish that something would happen i wanna live breathe i wanna be part of the human race i wanna live breathe i wanna be part of the human race race race race where do we go from here the words are coming out all weird where are you now when i need you","The Bends",1995,"https://i.scdn.co/image/3a75fdf63322a8fdc86951eb836542093872530b",0.0253,79,0.320877335499594,48.25
"High And Dry",0.36,257480,"two jumps in a week i bet you think that's pretty clever don't you boy flyin' on your motorcycle watching all the ground beneath you drop you'd kill yourself for recognition kill yourself to never ever stop you broke another mirror you're turning into something you are not don't leave me high don't leave me dry don't leave me high don't leave me dry drying up in conversation you will be the one who cannot talk all your insides fall to pieces you just sit there wishing you could still make love they're the ones who'll hate you when you think you've got the world all sussed out they're the ones who'll spit at you you will be the one screaming out don't leave me high don't leave me dry don't leave me high don't leave me dry oh it's the best thing that you've ever had the best thing that you've ever ever had it's the best thing that you've ever had the best thing you've had has gone away so don't leave me high don't leave me dry don't leave me high don't leave me dry don't leave me high don't leave me high don't leave me dry","The Bends",1995,"https://i.scdn.co/image/3a75fdf63322a8fdc86951eb836542093872530b",0.3571,56,0.21749262078608,15.69
"Fake Plastic Trees",0.127,290707,"her green plastic watering can for her fake chinese rubber plant in the fake plastic earth that she bought from a rubber man in a town full of rubber plans to get rid of itself it wears her out it wears her out it wears her out it wears her out she lives with a broken man a cracked polystyrene man who just crumbles and burns he used to do surgery for girls in the s but gravity always wins and it wears him out it wears him out it wears him out it wears him out she looks like the real thing she tastes like the real thing my fake plastic love but i can't help the feeling i could blow through the ceiling if i just turn and run and it wears me out it wears me out it wears me out it wears me out and if i could be who you wanted if i could be who you wanted all the time all the time","The Bends",1995,"https://i.scdn.co/image/3a75fdf63322a8fdc86951eb836542093872530b",0.06,50,0.171994482417004,27.7
"Bones",0.431,189000,"i don't want to be crippled and cracked shoulders wrists knees and back ground to dust and ash crawling on all fours when you've got to feel it in your bones when you've got to feel it in your bones now i can't climb the stairs pieces missing everywhere prozac painkillers when you've got to feel it in your bones when you've got to feel it in your bones and i used to fly like peter pan all the children flew when i touched their hands listen you've got to feel it in your bones listen you've got to feel it in your bones","The Bends",1995,"https://i.scdn.co/image/3a75fdf63322a8fdc86951eb836542093872530b",0.0541,37,0.195767195767196,55.99
"(Nice Dream)",0.382,233227,"they love me like i was a brother they protect me listen to me they dug me my very own garden gave me sunshine made me happy nice dream nice dream nice dream i call up my friend the good angel but she's out with her ansaphone she said that she would love to come help but the sea would electrocute us all nice dream nice dream nice dream nice dream nice dream nice dream nice dream if you think that you're strong enough nice dream if you think you belong enough nice dream if you think that you're strong enough nice dream if you think you belong enough nice dream nice dream nice dream nice dream","The Bends",1995,"https://i.scdn.co/image/3a75fdf63322a8fdc86951eb836542093872530b",0,53,0.227246416581271,57.42
"Just",0.372,234800,"can't get the stink off he's been hanging 'round for days comes like a comet suckered you but not your friends pre- chorus one day he'll get to you and teach you how to be a holy cow you do it to yourself you do and that's what really hurts is that you do it to yourself just you you and no one else you do it to yourself you do it to yourself don't get my sympathy hanging out the th floor you've changed the locks three times he still comes reeling through the door pre- chorus one day i'll get to you and teach you how to get to purest hell you do it to yourself you do and that's what really hurts is that you do it to yourself just you you and no one else you do it to yourself you do it to yourself instrumental bridge you do it to yourself you do and that's what really hurts is that you do it to yourself just you you and no one else you do it to yourself you do it to yourself guitar solo you do it to yourself you do it to yourself you do it to yourself you do it to yourself","The Bends",1995,"https://i.scdn.co/image/3a75fdf63322a8fdc86951eb836542093872530b",0.1176,34,0.144804088586031,44.21
"My Iron Lung",0.643,276427,"faith you're driving me away you do it everyday you don't mean it but it hurts like hell my brain says i'm receiving pain a lack of oxygen from my life support my iron lung we're too young to fall asleep to cynical to speak we are losing it can't you tell we scratch our eternal itch a twentieth century bitch and we are grateful for our iron lung the headshrinkers they want everything my uncle bill my belisha beacon the headshrinkers they want everything my uncle bill my belisha beacon suck suck your teenage thumb toilet trained and dumb when the power runs out we'll just hum this this is our new song just like the last one a total waste of time my iron lung the headshrinkers they want everything my uncle bill my belisha beacon the headshrinkers they want everything my uncle bill my belisha beacon and if you're frightened you can be frightened you can be it's o k and if you're frightened you can be frightened you can be it's o k the headshrinkers they want everything my uncle bill my belisha beacon the headshrinkers they want everything my uncle bill my belisha beacon","The Bends",1995,"https://i.scdn.co/image/3a75fdf63322a8fdc86951eb836542093872530b",0.0641,78,0.282172146715046,73.76
"Bullet Proof ... I Wish I Was",0.0781,208733,"limb by limb and tooth by tooth stirring up inside of me every day every hour wish that i was bulletproof wax me mould me heat the pins and stab them in you have turned me into this just wish that it was bulletproof was bulletproof so pay me money and take a shot lead fill the hole in me i could burst a million bubbles all surrogate and bulletproof and bulletproof and bulletproof bulletproof","The Bends",1995,"https://i.scdn.co/image/3a75fdf63322a8fdc86951eb836542093872530b",0.0667,30,0.143724279342509,22.69
"Black Star",0.28,247040,"i get home from work and you're still standing in your dressing gown well what am i to do i know all the things around your head and what they do to you what are we coming to what are we gonna do blame it on the black star blame it on the falling sky blame it on the satellite that beams me home the troubled words of a troubled mind i try to understand what is eating you i try to stay awake but it's hours since that i last slept with you what are we coming to i just don't know anymore blame it on the black star blame it on the falling sky blame it on the satellite that beams me home i get on the train and i just stand about now that i don't think of you i keep falling over i keep passing out when i see a face like you what am i coming to i'm gonna melt down blame it on the black star blame it on the falling sky blame it on the satellite that beams me home ah this is killing me ah this is killing me","The Bends",1995,"https://i.scdn.co/image/3a75fdf63322a8fdc86951eb836542093872530b",0.15,60,0.242875647668394,31.07
"Sulk",0.618,222960,"you bite through the big wall the big wall bites back you sit there and sulk you sit there and bawl you look so pretty when you're on your knees disinfected and eager to please sometimes you sulk sometimes you burn god rest your soul when the loving comes but we're already gone just like your dad you'll never change each time it comes it eats me alive i try to behave but it eats me alive so i declare a holiday fall asleep drift away sometimes you sulk sometimes you burn god rest your soul when the loving comes but we're already gone just like your dad you'll never change sometimes you sulk sometimes you burn god rest your soul when the loving comes but we're already gone just like your dad you'll never change","The Bends",1995,"https://i.scdn.co/image/3a75fdf63322a8fdc86951eb836542093872530b",0.0213,47,0.210800143523502,76.63
"Street Spirit (Fade Out)",0.133,253853,"rows of houses all bearing down on me i can feel their blue hands touching me all these things into position all these things we'll one day swallow whole and fade out again and fade out this machine will will not communicate these thoughts and the strain i am under be a world child form a circle before we all go under and fade out again and fade out again cracked eggs dead birds scream as they fight for life i can feel death can see its beady eyes all these things into position all these things we'll one day swallow whole and fade out again and fade out again immerse your soul in love immerse your soul in love","The Bends",1995,"https://i.scdn.co/image/3a75fdf63322a8fdc86951eb836542093872530b",0.0465,43,0.169389371013933,29.71
"Airbag",0.642,287880,"in the next world war in a jackknifed juggernaut i am born again in the neon sign scrolling up and down i am born again in an interstellar burst i'm back to save the universe in a deep deep sleep of the innocent i am born again in a fast german car i'm amazed that i survived an airbag saved my life in an interstellar burst i am back to save the universe instrumental bridge in an interstellar burst i am back to save the universe in an interstellar burst i am back to save the universe","OK Computer",1997,"https://i.scdn.co/image/f89c1ecdd0cc5a23d5ad7303d4ae231d197dde98",0,40,0.138946783381965,81.18
"Paranoid Android",0.202,387213,"please can you stop the noise i'm trying to get some rest from all the unborn chicken voices in my head what's that what's that when i am king you will be first against the wall with your opinion which is of no consequence at all what's that what's that ambition makes you look pretty ugly kicking squealing gucci little piggy you don't remember you don't remember why don't you remember my name off with his head man off with his head man why don't you remember my name i guess he does rain down rain down come on rain down on me from a great height from a great height height rain down rain down come on rain down on me from a great height from a great height height that's it sir you're leaving the crackle of pigskin the dust and the screaming the yuppies networking the panic the vomit the panic the vomit god loves his children god loves his children yeah","OK Computer",1997,"https://i.scdn.co/image/f89c1ecdd0cc5a23d5ad7303d4ae231d197dde98",0,57,0.147205801458112,40.98
"Subterranean Homesick Alien",0.337,267693,"the breath of the morning i keep forgetting the smell of the warm summer air i live in a town where you can't smell a thing you watch your feet for cracks in the pavement up above aliens hover making home movies for the folks back home of all these weird creatures who lock up their spirits drill holes in themselves and live for their secrets they're all uptight uptight uptight uptight uptight uptight i wish that they'd swoop down in a country lane late at night when i'm driving take me on board their beautiful ship show me the world as i'd love to see it i'd tell all my friends but they'd never believe me they'd think that i'd finally lost it completely i'd show them the stars and the meaning of life they'd shut me away but i'd be all right all right all right all right i'm just uptight uptight uptight uptight uptight uptight uptight uptight uptight","OK Computer",1997,"https://i.scdn.co/image/f89c1ecdd0cc5a23d5ad7303d4ae231d197dde98",0.0323,62,0.23160859641455,49.68
"Exit Music (For a Film)",0.183,267187,"wake from your sleep the drying of your tears today we escape we escape pack and get dressed before your father hears us before all hell breaks loose breathe keep breathing don't lose your nerve breathe keep breathing i can't do this alone sing us a song a song to keep us warm there's such a chill such a chill and you can laugh a spineless laugh we hope your rules and wisdom choke you now we are one in everlasting peace we hope that you choke that you choke we hope that you choke that you choke we hope that you choke that you choke","OK Computer",1997,"https://i.scdn.co/image/f89c1ecdd0cc5a23d5ad7303d4ae231d197dde98",0.2326,43,0.160935973681354,14.57
"Let Down",0.131,299560,"transport motorways and tramlines starting and then stopping taking off and landing the emptiest of feelings disappointed people clinging on to bottles and when it comes it's so so disappointing let down and hanging around crushed like a bug in the ground let down and hanging around shell smashed juices flowing wings twitch legs are going don't get sentimental it always ends up drivel pre- chorus one day i am gonna grow wings a chemical reaction hysterical and useless hysterical and let down and hanging around crushed like a bug in the ground let down and hanging around let down again let down again let down again you know you know where you are when you know where you are when floor collapsing floating bouncing back pre- chorus and one day i am gonna grow wings a chemical reaction hysterical and useless hysterical and let down and hanging around crushed like a bug in the ground let down and hanging around","OK Computer",1997,"https://i.scdn.co/image/f89c1ecdd0cc5a23d5ad7303d4ae231d197dde98",0.1875,64,0.213646681799973,13.7
"Karma Police",0.311,264067,"karma police arrest this man he talks in maths he buzzes like a fridge he's like a detuned radio karma police arrest this girl her hitler hairdo is making me feel ill and we have crashed her party chorus this is what you'll get this is what you'll get this is what you'll get when you mess with us karma police i've given all i can it's not enough i've given all i can but we're still on the payroll chorus this is what you'll get this is what you'll get this is what you'll get when you mess with love for a minute there i lost myself i lost myself phew for a minute there i lost myself i lost myself for a minute there i lost myself i lost myself phew for a minute there i lost myself i lost myself","OK Computer",1997,"https://i.scdn.co/image/f89c1ecdd0cc5a23d5ad7303d4ae231d197dde98",0.2195,41,0.155263626276665,27.77
"Fitter Happier",0.728,117333,"fitter happier more productive comfortable not drinking too much regular exercise at the gym three days a week getting on better with your associate employee contemporaries at ease eating well no more microwave dinners and saturated fats a patient better driver a safer car baby smiling in back seat sleeping well no bad dreams no paranoia careful to all animals never washing spiders down the plughole keep in contact with old friends enjoy a drink now and then will frequently check credit at moral bank hole in the wall favours for favours fond but not in love charity standing orders on sundays ring road supermarket no killing moths or putting boiling water on the ants car wash also on sundays no longer afraid of the dark or midday shadows nothing so ridiculously teenage and desperate nothing so childish at a better pace slower and more calculated no chance of escape now self-employed concerned but powerless an empowered and informed member of society pragmatism not idealism will not cry in public less chance of illness tires that grip in the wet shot of baby strapped in back seat a good memory still cries at a good film still kisses with saliva no longer empty and frantic like a cat tied to a stick that's driven into frozen winter shit the ability to laugh at weakness calm fitter healthier and more productive a pig in a cage on antibiotics","OK Computer",1997,"https://i.scdn.co/image/f89c1ecdd0cc5a23d5ad7303d4ae231d197dde98",0.0744,121,1.03125292969582,75.23
"Electioneering",0.328,230627,"i will stop i will stop at nothing say the right things when electioneering i trust i can rely on your vote when i go forwards you go backwards and somewhere we will meet when i go forwards you go backwards and somewhere we will meet ha ha ha riot shields voodoo economics it's just business cattle prods and the i m f i trust i can rely on your vote when i go forwards you go backwards and somewhere we will meet when i go forwards you go backwards and somewhere we will meet","OK Computer",1997,"https://i.scdn.co/image/f89c1ecdd0cc5a23d5ad7303d4ae231d197dde98",0.0645,31,0.134416178504685,45.81
"Climbing Up the Walls",0.211,285200,"i am the key to the lock in your house that keeps your toys in the basement and if you get too far inside you'll only see my reflection it's always best with the covers up i am the pick in the ice do not cry out or hit the alarm you know we're friends till we die and either way you turn i'll be there open up your skull i'll be there climbing up the walls it's always best when the light is off it's always better on the outside fifteen blows to the back of your head fifteen blows to your mind so lock the kids up safe tonight shut the eyes in the cupboard i've got the smell of a local man who's got the loneliest feeling that either way he turns i'll be there open up your skull i'll be there climbing up the walls climbing up the walls climbing up the walls","OK Computer",1997,"https://i.scdn.co/image/f89c1ecdd0cc5a23d5ad7303d4ae231d197dde98",0.0682,44,0.154277699859748,34.61
"No Surprises",0.126,229120,"a heart that's full up like a landfill a job that slowly kills you bruises that won't heal you look so tired and unhappy bring down the government they don't they don't speak for us i'll take a quiet life a handshake of carbon monoxide and no alarms and no surprises no alarms and no surprises no alarms and no surprises silent silent this is my final fit my final bellyache with no alarms and no surprises no alarms and no surprises no alarms and no surprises please instrumental bridge such a pretty house and such a pretty garden no alarms and no surprises let me out of here no alarms and no surprises let me out of here no alarms and no surprises please let me out of here","OK Computer",1997,"https://i.scdn.co/image/f89c1ecdd0cc5a23d5ad7303d4ae231d197dde98",0.0426,47,0.205132681564246,29.34
"Lucky",0.195,258813,"i'm on a roll i'm on a roll this time i feel my luck could change kill me sarah kill me again with love it's gonna be a glorious day pull me out of the aircrash pull me out of the lake cause i'm your superhero we are standing on the edge the head of state has called for me by name but i don't have time for him it's gonna be a glorious day i feel my luck could change pull me out of the aircrash pull me out of the lake cause i'm your superhero we are standing on the edge guitar solo and outro we are standing on the edge","OK Computer",1997,"https://i.scdn.co/image/f89c1ecdd0cc5a23d5ad7303d4ae231d197dde98",0.0488,41,0.158415535541105,35.17
"The Tourist",0.04,326533,"it barks at no one else but me like it's seen a ghost i guess it's seen the sparks a-flowin no one else would know hey man slow down slow down idiot slow down slow down sometimes i get overcharged that's when you see sparks they ask me where the hell i'm going at a feet per second hey man slow down slow down idiot slow down slow down hey man slow down slow down idiot slow down slow down","OK Computer",1997,"https://i.scdn.co/image/f89c1ecdd0cc5a23d5ad7303d4ae231d197dde98",0.037,27,0.0826868953520777,22.52
"Everything In Its Right Place",0.0585,251427,"kid a kid a kid a kid a god sent a spark everything everything everything everything in its right place in its right place in its right place in its right place yesterday i woke up sucking a lemon yesterday i woke up sucking a lemon yesterday i woke up sucking a lemon yesterday i woke up sucking a lemon everything everything everything in its right place in its right place in its right place right place there are two colours in my head there are two colours in my head what what is that you tried to say what what was that you tried to say tried to say tried to say tried to say tried to say everything gnihtyreve everything everything","Kid A",2000,"https://i.scdn.co/image/0a6b1c237ab9f7d7da0a04e3e5dba0f022daa20c",0,27,0.107387034805331,27.87
"Kid A",0.159,284507,"i slip away i slipped on a little white lie we've got heads on sticks you've got ventriloquists we've got heads on sticks and you've got ventriloquists standing in the shadows at the end of my bed standing in the shadows at the end of my bed standing in the shadows at the end of my bed standing in the shadows at the end of my bed the rats and children follow me out of town the rats and children follow me out of town come on kids","Kid A",2000,"https://i.scdn.co/image/0a6b1c237ab9f7d7da0a04e3e5dba0f022daa20c",0.0323,31,0.108960412221843,33.78
"The National Anthem",0.385,351693,"everyone everyone around here everyone is so near it's holding on it's holding on everyone everyone is so near everyone has got the fear it's holding on it's holding on it's holding on it's holding on it's holding on","Kid A",2000,"https://i.scdn.co/image/0a6b1c237ab9f7d7da0a04e3e5dba0f022daa20c",0,8,0.0227471118276451,57.7
"How To Disappear Completely",0.202,356333,"that there that's not me i go where i please i walk through walls i float down the liffey i'm not here this isn't happening i'm not here i'm not here in a little while i'll be gone the moment's already passed yeah it's gone and i'm not here this isn't happening i'm not here i'm not here strobe lights and blown speakers fireworks and hurricanes i'm not here this isn't happening i'm not here i'm not here here ah ah","Kid A",2000,"https://i.scdn.co/image/0a6b1c237ab9f7d7da0a04e3e5dba0f022daa20c",0,18,0.0505145467862926,40.98
"Treefingers",0.0585,222600,"","Kid A",2000,"https://i.scdn.co/image/0a6b1c237ab9f7d7da0a04e3e5dba0f022daa20c",0,0,0,27.87
"Optimistic",0.572,315973,"flies are buzzing around my head vultures circling the dead picking up every last crumb the big fish eat the little ones the big fish eat the little ones not my problem give me some you can try the best you can you can try the best you can the best you can is good enough you can try the best you can you can try the best you can the best you can is good enough this one's optimistic this one went to market this one just came out of the swamp this one drops a payload fodder for the animals living on an animal farm you can try the best you can you can try the best you can the best you can is good enough you can try the best you can you can try the best you can the best you can is good enough i'd really like to help you man i'd really like to help you man nervous messed up marionette floating around on a prison ship you can try the best you can you can try the best you can the best you can is good enough you can try the best you can you can try the best you can dinosaurs roaming the earth dinosaurs roaming the earth dinosaurs roaming the earth","Kid A",2000,"https://i.scdn.co/image/0a6b1c237ab9f7d7da0a04e3e5dba0f022daa20c",0.0263,38,0.120263440230653,72.09
"In Limbo",0.49,211000,"lundy fastnet irish sea i got a message i can't read another message i can't read being the first in the irish sea i got a message i can’t read another message i can’t read i'm on your side nowhere to hide trapdoors that open i spiral down you're living in a fantasy world you're living in a fantasy world i'm lost at sea don't bother me i've lost my way i've lost my way you're living in a fantasy world you're living in a fantasy world you're living in a fantasy world this beautiful world lundy fastnet irish sea another message i can't read another message i can't read another message i can't read another message i can't read another message i can't read another message i can't read another message i can't read another message i can't read come back","Kid A",2000,"https://i.scdn.co/image/0a6b1c237ab9f7d7da0a04e3e5dba0f022daa20c",0.0492,61,0.289099526066351,61.5
"Idioteque",0.539,309093,"produced by nigel godrich and radiohead who's in the bunker who's in the bunker women and children first and the children first and the children i'll laugh until my head comes off i'll swallow until i burst until i burst until i who's in the bunker who's in the bunker i have seen too much i haven't seen enough you haven't seen it i'll laugh until my head comes off women and children first and children first and children here i'm allowed everything all of the time here i'm allowed everything all of the time ice age coming ice age coming let me hear both sides let me hear both sides let me hear both ice age coming ice age coming throw it on the fire throw it on the fire throw it on the we're not scaremongering this is really happening happening we're not scaremongering this is really happening happening mobiles skwerking mobiles chirping take the money and run take the money and run take the money here i'm allowed everything all of the time here i'm allowed everything all of the time here i'm allowed everything all of the time here i'm allowed everything all of the time and first and the children and first and the children and first and the children and first and the children and first and first and the children and first and the children and first and the children and first and the children and first and first and the children and first and the children and first and the children and first and the children and first and the children","Kid A",2000,"https://i.scdn.co/image/0a6b1c237ab9f7d7da0a04e3e5dba0f022daa20c",0,83,0.268527595254503,71.77
"Morning Bell",0.39,275800,"morning bell morning bell light another candle release me release me you can keep the furniture a bump on the head howling down the chimney release me release me please release me release me where'd you park the car where'd you park the car clothes are all over the furniture now i might as well i might as well sleepy jack the fire drill run around around around around around cut the kids in half cut the kids in half cut the kids in half the lights are on but nobody's home everybody wants to be a friend the lights are on but nobody's home nobody wants to be a slave walking walking walking walking walking walking walking walking walking walking walking walking walking walking walking walking","Kid A",2000,"https://i.scdn.co/image/0a6b1c237ab9f7d7da0a04e3e5dba0f022daa20c",0.0159,63,0.228426395939086,56.37
"Motion Picture Soundtrack",0.0425,200483,"red wine and sleeping pills help me get back to your arms cheap sex and sad films help me get where i belong i think you're crazy maybe i think you're crazy maybe stop sending letters letters always get burned it's not like the movies they fed us on little white lies i think you're crazy maybe i think you're crazy maybe i will see you in the next life","Kid A",2000,"https://i.scdn.co/image/0a6b1c237ab9f7d7da0a04e3e5dba0f022daa20c",0.1667,24,0.119710898180893,9.35
"Untitled",0.0782,52695,NA,"Kid A",2000,"https://i.scdn.co/image/0a6b1c237ab9f7d7da0a04e3e5dba0f022daa20c",0,0,0,29.67
"Packt Like Sardines In a Crushed Tin Box",0.636,240333,"after years of waiting nothing came as your life flashed before your eyes you realize i'm a reasonable man get off get off get off my case i'm a reasonable man get off my case get off my case after years of waiting after years of waiting nothing came and you realize you're looking in looking in the wrong place i'm a reasonable man get off get off get off my case i'm a reasonable man get off my case get off my case get off my case i'm a reasonable man get off my case get off my case get off my case after years of waiting i'm a reasonable man get off my case get off my case get off my case i'm a reasonable man get off my case get off my case get off my case i'm a reasonable man get off my case get off my case get off my case i'm a reasonable man get off my case get off my case get off my case","Amnesiac",2001,"https://i.scdn.co/image/7d2a9481f3136f8f9dda19bffa04c215257714c7",0,19,0.0790569751136964,80.63
"Pyramid Song",0.0655,288733,"i jumped in the river and what did i see black-eyed angels swam with me a moon full of stars and astral cars and all the figures i used to see all my lovers were there with me all my past and futures and we all went to heaven in a little row boat there was nothing to fear and nothing to doubt ooooooh oooooh i jumped into the river black-eyed angels swam with me a moon full of stars and astral cars and all the figures i used to see all my lovers were there with me all my past and futures and we all went to heaven in a little row boat there was nothing to fear and nothing to doubt there was nothing to fear and nothing to doubt there was nothing to fear and nothing to doubt","Amnesiac",2001,"https://i.scdn.co/image/7d2a9481f3136f8f9dda19bffa04c215257714c7",0.1364,44,0.152389924255281,14.15
"Pulk/Pull Revolving Doors",0.135,247267,"there are barn doors and there are revolving doors doors in the rudders of big ships and there are revolving doors there are doors that open by themselves there are sliding doors and there are secret doors there are doors that lock and doors that don't there are doors that let you in and out but never open and there are trapdoors that you can't come back from","Amnesiac",2001,"https://i.scdn.co/image/7d2a9481f3136f8f9dda19bffa04c215257714c7",0,19,0.0768400150444661,34.86
"You And Whose Army?",0.131,191000,"come on come on you think you'll drive me crazy well come on come on you and whose army you and your cronies come on come on holy roman empire come on if you think come on if you think you can take us on you can take us on you and whose army you and your cronies you forget so easy we ride tonight we ride tonight ghost horses ghost horses we ride tonight we ride tonight ghost horses ghost horses ghost horses","Amnesiac",2001,"https://i.scdn.co/image/7d2a9481f3136f8f9dda19bffa04c215257714c7",0.0345,29,0.151832460732984,30.86
"I Might Be Wrong",0.507,293773,"i might be wrong i might be wrong i could have sworn i saw a light coming on i used to think i used to think there was no future left at all i used to think chorus open up begin again let's go down the waterfall think about the good times and never look back never look back what would i do what would i do if i did not have you chorus open up let me in let's go down the waterfall have ourselves a good time it's nothing at all it's nothing at all nothing at all open up let me in instrumental outro","Amnesiac",2001,"https://i.scdn.co/image/7d2a9481f3136f8f9dda19bffa04c215257714c7",0,16,0.0544638207051022,68.84
"Knives Out",0.181,254867,"i want you to know he's not coming back look into my eyes i'm not coming back so knives out catch the mouse don't look down shove it in your mouth if you'd been a dog they would have drowned you at birth look into my eyes it's the only way you'll know i'm telling the truth so knives out cook him up squash his head put him in the pot i want you to know he's not coming back he's bloated and frozen still there's no point in letting it go to waste so knives out catch the mouse squash his head put him in the pot","Amnesiac",2001,"https://i.scdn.co/image/7d2a9481f3136f8f9dda19bffa04c215257714c7",0,30,0.117708451859205,39.06
"Morning Bell/Amnesiac",0.218,194267,"the morning bell the morning bell light another candle and release me release me you can keep the furniture a bump on the head howling down the chimney release me release me yeah release me release me where'd you park the car where'd you park the car your clothes are on the lawn with the furniture and i might as well i might as well sleepy jack the fire drill run around around around around and round cut the kids in half cut the kids in half cut the kids in half release me release me release me release me","Amnesiac",2001,"https://i.scdn.co/image/7d2a9481f3136f8f9dda19bffa04c215257714c7",0,46,0.236787514091431,42.44
"Dollars & Cents",0.0943,291733,"there are many things to talk about be constructive there are weapons we can use be constructive with your blues even when it's only warnings even when you talk the war games oh why don't you quiet down maybe i want peace and honesty why don't you quiet down maybe i want to live in the children's land and you know maybe maybe i why don't you quiet down maybe i'll wander the promised land i want peace and honesty why don't you quiet down i want to live in the promised land and maybe wander the children's land quiet down yeah and there there we can free you don't live in a business world and you never go out and you never stay we won our goals in a liberal world living in times when i could stand it babe all over baby's crying it'll all be baby i can see out of here all over the planet's dead all over the planet so let me out of here all over the all over the all over the all over the quiet down we are the dollars and cents and the pounds and pence and the mark and the yen and yeah why don't you quiet down we're gonna crack your little souls we're gonna crack your little souls why don't you quiet down we are the dollars and cents and the pounds and pence and the pounds and pence and yeah why don't you quiet down we're gonna crack your little souls crack your little souls we are the dollars and cents","Amnesiac",2001,"https://i.scdn.co/image/7d2a9481f3136f8f9dda19bffa04c215257714c7",0.1358,81,0.27765113991218,15.29
"Hunting Bears",0.0779,121200,"","Amnesiac",2001,"https://i.scdn.co/image/7d2a9481f3136f8f9dda19bffa04c215257714c7",0,0,0,29.64
"Like Spinning Plates",0.21,237467,"while you make pretty speeches i'm being cut to shreds you feed me to the lions a delicate balance and this just feels like spinning plates i'm living in cloud cuckoo land and this just feels like spinning plates my body is floating down the muddy river","Amnesiac",2001,"https://i.scdn.co/image/7d2a9481f3136f8f9dda19bffa04c215257714c7",0,22,0.092644451650124,41.71
"Life In a Glasshouse",0.0516,276693,"once again i'm in trouble with my only friend she is papering the window panes she is putting on a smile living in a glass house once again packed like frozen food and battery hens think of all the starving millions don't talk politics and don't throw stones your royal highness says well of course i'd like to sit around and chat well of course i'd like to stay and chew the fat well of course i'd like to sit around and chat but someone's listening in once again we are hungry for a lynching that's a strange mistake to make you should turn the other cheek living in a glass house well of course i'd like to sit around and chat well of course i'd like to stay and chew the fat well of course i'd like to sit around and chat only only only only only only only only only only there's someone listening in","Amnesiac",2001,"https://i.scdn.co/image/7d2a9481f3136f8f9dda19bffa04c215257714c7",0.0625,48,0.173477464193167,20.54
"2 + 2 = 5",0.365,199360,""" we're on"" "" that's a nice way to start johnny"" are you such a dreamer to put the world to rights i'll stay home forever where two and two always makes a five i'll lay down the tracks sandbag and hide january has april showers and two and two always makes a five it's the devil's way now there is no way out you can scream and you can shout it is too late now because you have not been paying attention paying attention paying attention paying attention you have not been paying attention paying attention paying attention paying attention you have not been paying attention paying attention paying attention paying attention you have not been paying attention paying attention paying attention paying attention i try to sing along but the music's all wrong cause i'm not cause i'm not i swat em like flies but like flies the buggers keep coming back god but i'm not but i'm not oh hail to the thief oh hail to the thief but i'm not but i'm not don't question my authority or put me in a box cause i'm not cause i'm not oh go and tell the king that the sky is falling in but it's not but it's not but it's not maybe not maybe not","Hail To the Thief",2003,"https://i.scdn.co/image/5ded47fd3d05325dd0faaf4619481e1f25a21ec7",0.0676,74,0.371187800963082,47.4
"Sit Down. Stand Up",0.528,259973,"sit down stand up sit down stand up walk into the jaws of hell sit down walk into the jaws of hell stand up anytime sit down anytime stand up sit down stand up sit down hey stand up we can wipe you out anytime we can wipe you out sit down anytime anytime interlude oh stand up sit down ohhhhhhhhhhh aaaaaaaaah the rain drops the rain drops the rain drops the rain drops the rain drops the rain drops the rain drops the rain drops the rain drops the rain drops the rain drops the rain drops the rain drops the rain drops the rain drops the rain drops the rain drops the rain drops the rain drops the rain drops the rain drops the rain drops the rain drops the rain drops the rain drops the rain drops the rain drops the rain drops the rain drops the rain drops the rain drops the rain drops the rain drops the rain drops the rain drops the rain drops the rain drops the rain drops the rain drops the rain drops the rain drops the rain drops the rain drops the rain drops the rain drops the rain drops the rain drops","Hail To the Thief",2003,"https://i.scdn.co/image/5ded47fd3d05325dd0faaf4619481e1f25a21ec7",0.0159,126,0.484665715285818,68.61
"Sail To The Moon",0.0458,258360,"i sucked the moon i spoke too soon and how much did it cost i was dropped from moonbeams and sailed on shooting stars maybe you'll be president but know right from wrong or in the flood you'll build an ark and sail us to the moon sail us to the moon sail to the moon","Hail To the Thief",2003,"https://i.scdn.co/image/5ded47fd3d05325dd0faaf4619481e1f25a21ec7",0,20,0.0774113639882335,26.71
"Backdrifts",0.724,322600,"we're rotten fruit we're damaged goods what the hell we've got nothing more to lose one burst and we will probably crumble we're backdrifting this far but no further i'm hanging off a branch i'm teetering on a breaker honey sweets so fall asleep i'm backsliding you fell into our arms you fell into our arms we tried but there was nothing we could do nothing we could do all evidence has been buried all tapes have been erased but your footsteps give you away so you're backtracking uh uh uh you fell into our arms you fell into our arms we tried but there was nothing we could do nothing we could do you fell into our you fell into a we're rotten fruit we're damaged goods what the hell we've got nothing more to lose one burst and we will probably crumble we're backdrifters","Hail To the Thief",2003,"https://i.scdn.co/image/5ded47fd3d05325dd0faaf4619481e1f25a21ec7",0.2955,44,0.136391816491011,57.99
"Go To Sleep",0.654,201507,"something for the rag and bone man over my dead body something big is gonna happen over my dead body someone’s son or someone’s daughter over my dead body this is how i end up sucked in over my dead body i'm gonna go to sleep and let this wash all over me we don't really want a monster taking over tiptoe 'round tie him down we don't want the loonies takin' over tip toeing tying down our arms may pretty horses come to you as you sleep i'm gonna go to sleep and let this wash over me","Hail To the Thief",2003,"https://i.scdn.co/image/5ded47fd3d05325dd0faaf4619481e1f25a21ec7",0,37,0.183616450048882,82.28
"Where I End and You Begin",0.473,269293,"there's a gap in between there's a gap where we meet where i end and you begin and i'm sorry for us the dinosaurs roam the earth the sky turns green where i end and you begin i’m in heaven i am up in the clouds i am up in the clouds and i can't and i can't come down i can watch but not take part where i end and where you start where you you left me alone you left me alone x will mark the place like the parting of the waves like a house falling in the sea in the sea i will eat you alive i will eat you alive i will eat you alive i will eat you alive there'll be no more lies there'll be no more lies there'll be no more lies there'll be no more lies i will eat you alive i will eat you alive i will eat you alive i will eat you alive there'll be no more lies there'll be no more lies there'll be no more lies there'll be no more lies i will eat you alive i will eat you alive i will eat you alive i will eat you alive there'll be no more lies there'll be no more lies there'll be no more lies there'll be no more lies i will eat you alive i will eat you alive i will eat you alive","Hail To the Thief",2003,"https://i.scdn.co/image/5ded47fd3d05325dd0faaf4619481e1f25a21ec7",0.0128,78,0.289647335801525,64.23
"We Suck Young Blood",0.0378,296707,"are you hungry are you sick are you begging for a break are you sweet are you fresh are you strung up by the wrists we want the young blood are you fracturing are you torn at the seams would you do anything flea-bitten moth eaten we suck young blood we suck young blood won't let the creeping ivy won't let the nervous bury me our veins are thin our rivers poisoned we want the sweet meats we want the young blood","Hail To the Thief",2003,"https://i.scdn.co/image/5ded47fd3d05325dd0faaf4619481e1f25a21ec7",0.0968,31,0.104480177414082,16.21
"The Gloaming",0.115,212027,"genie let out of the bottle it is now the witching hour genie let out of the bottle it is now the witching hour murderers you're murderers we are not the same as you genie let out of the bottle funny how funny how when the walls bend when the walls bend with your breathing with your breathing when the walls bend when the walls bend with your breathing with your breathing with your breathing they will suck you down to the other side they will suck you down to the other side they will suck you down to the other side they will suck you down to the other side to the shadows blue and red shadows blue and red your alarm bells your alarm bells shadows blue and red shadows blue and red your alarm bells your alarm they should be ringing they should be ringing they should be ringing they should be ringing they should be ringing they should be ringing they should be ringing they should be ringing they should be ringing they should be ringing they should be ringing they should be ringing this is the gloaming and the walls bend and the walls bend with your breathing with your breathing and the walls bend and the walls bend what is he doin' what is he doin' this is the gloaming","Hail To the Thief",2003,"https://i.scdn.co/image/5ded47fd3d05325dd0faaf4619481e1f25a21ec7",0.0526,76,0.358444915034406,26.5
"There, There",0.726,323600,"in pitch dark i go walking in your landscape broken branches trip me as i speak just cause you feel it doesn't mean it's there just cause you feel it doesn't mean it's there there's always a siren singing you to shipwreck don't reach out don't reach out don't reach out don't reach out steer away from these rocks we'd be a walking disaster don't reach out don't reach out don't reach out don't reach out just cause you feel it doesn't mean it's there someone on your shoulder someone on your shoulder just cause you feel it doesn't mean it's there someone on your shoulder someone on your shoulder there there why so green and lonely lonely lonely heaven sent you to me to me to me we are accidents waiting waiting to happen we are accidents waiting waiting to happen","Hail To the Thief",2003,"https://i.scdn.co/image/5ded47fd3d05325dd0faaf4619481e1f25a21ec7",0.1591,44,0.135970333745365,72.34
"I Will",0.17,119467,"i will lay me down in a bunker underground i won't let this happen to my children meet the real world coming out of your shell with white elephants sitting ducks i will rise up little baby's eyes eyes eyes eyes little baby's eyes eyes eyes eyes little baby's eyes eyes eyes","Hail To the Thief",2003,"https://i.scdn.co/image/5ded47fd3d05325dd0faaf4619481e1f25a21ec7",0.0345,29,0.242744858412783,34.14
"A Punch Up At a Wedding",0.551,297333,"no no no no no no no no no no no no no no no no no no no no no no no no no no no no no no no no no no no no no no no no no no i don't know why you bother nothing's ever good enough for you i was there it wasn't like that you've come here just to start a fight you had to piss on our parade you had to shred our big day you had to ruin it for all concerned in a drunken punch-up at a wedding yeah hypocrite opportunist don't infect me with your poison a bully in a china shop when i turn 'round you stay frozen to the spot the pointless snide remarks of hammerheaded sharks the pot will call the kettle black it's a drunken punch-up at a wedding yeah oh no no no no no no no no no no no no no no no no no no no no no no no no no no no no no no no no no no no no no no no no no no no no no no no no no no no no no no no no no no no no no no no no no","Hail To the Thief",2003,"https://i.scdn.co/image/5ded47fd3d05325dd0faaf4619481e1f25a21ec7",0.1842,38,0.127802833859679,53.88
"Myxomatosis",0.56,232533,"the mongrel cat came home holding half a head proceeded to show it off to all his newfound friends he said i been where i liked i slept with who i like she ate me up for breakfast she screwed me in a vice but now i don't know why i feel so tongue-tied i sat in the cupboard and wrote it down neat they were cheering and waving cheering and waving twitching and salivating like with myxomatosis but it got edited fucked up strangled beaten up used in a photo in time magazine buried in a burning black hole in devon and i don’t know why i feel so tongue-tied don’t know why i feel so skinned alive my thoughts are misguided and a little naïve i twitch and i salivate like with myxomatosis you should put me in a home or you should put me down i got myxomatosis i got myxomatosis yeah no one likes a smart-ass but we all like stars wait that wasn't my intention i did it for a reason it must have got mixed up strangled beaten up i got myxomatosis i got myxomatosis i don’t know why i feel so tongue-tied","Hail To the Thief",2003,"https://i.scdn.co/image/5ded47fd3d05325dd0faaf4619481e1f25a21ec7",0.0274,73,0.31393393625851,70.4
"Scatterbrain",0.231,201707,"i'm walking out in a force ten gale birds thrown around bullets for hail the roof is pulling off by its fingernails your voice is rapping on my windowsill yesterday's headlines blown by the wind yesterday's people end up scatterbrain any fool can easy pick a hole i only wish i could fall in a moving target in a firing range somewhere i'm not scatterbrain somewhere i'm not scatterbrain lightning fuse powercut scatterbrain","Hail To the Thief",2003,"https://i.scdn.co/image/5ded47fd3d05325dd0faaf4619481e1f25a21ec7",0.0278,36,0.178476701353944,40.64
"A Wolf At the Door",0.363,201333,"drag him out the window dragging out the dead singing "" i miss you"" snakes and ladders flip the lid out pops the cracker smacks you in the head knifes you in the neck kicks you in the teeth steel toe caps takes all your credit cards step up get the gunge get the eggs get the flan in the face the flan in the face the flan in the face dance you fucker dance you fucker don't you dare don't you dare don't you flan in the face take it with the love it's given take it with a pinch of salt take it to the taxman let me back let me back i promise to be good don't look in the mirror at the face you don't recognize help me call the doctor put me inside put me inside put me inside put me inside put me inside chorus i keep the wolf from the door but he calls me up calls me on the phone tells me all the ways that he's gonna mess me up steal all my children if i don't pay the ransom but i'll never see them again if i squeal to the cops no no no no no no no no no no no no no no no no no no no no no no no no no no no no no no no no no no no no no no no no no no no no no no no no no no no no walking like giant cranes and with my x ray eyes i strip you naked in a tight little world and are you on the list stepford wives who are we to complain investments and dealers investments and dealers cold wives and mistresses cold wives and sunday papers city boys in first class don't know we're born just know someone else is gonna come and clean it up born and raised for the job someone always does oh i wish you'd get up go over get up go over and turn this tape off chorus i keep the wolf from the door but he calls me up calls me on the phone tells me all the ways that he's gonna mess me up steal all my children if i don't pay the ransom and i'll never see them again if i squeal to the cops so i'm just gonna ooohh ooohh ooooohh","Hail To the Thief",2003,"https://i.scdn.co/image/5ded47fd3d05325dd0faaf4619481e1f25a21ec7",0.0336,119,0.591060581226128,50.8
"15 Step",0.848,237293,"how come i end up where i started how come i end up where i went wrong won't take my eyes off the ball again you reel me out then you cut the string how come i end up where i started how come i end up where i went wrong won't take my eyes off the ball again first you reel me out and then you cut the string you used to be alright what happened did the cat get your tongue did your string come undone one by one one by one it comes to us all it's as soft as your pillow you used to be alright what happened et cetera et cetera facts for whatever yeah fifteen steps then a sheer drop how come i end up where i started how come i end up where i went wrong won't take my eyes off the ball again you reel me out then you cut the string","In Rainbows",2007,"https://i.scdn.co/image/00d97c99f9fb5872e9a44f06ae7e20fd011de125",0,38,0.160139574281584,100
"Bodysnatchers",0.721,242293,"i do not understand what it is i've done wrong full of holes check for pulse blink your eyes one for yes two for no i have no idea what i am talking about i'm trapped in this body and can't get out make the sound removed backbone a pale imitation while the edges are sawn off i have no idea what you are talking about your mouth moves only with someone's hand up your ass has the light gone out for you because the light's gone out for me it is the st century it is the st century it can follow you like a dog it brought me to my knees they got a skin and they put me in they got a skin and they put me in all the lines wrapped round my face all the lines wrapped round my face are for anyone else to see are for anyone else to see i'm alive oh no no no no no no no no no no no oh no no no no no no no no no no no oh no no no no no no na na na na no i've seen it coming they've seen it coming they've seen it coming they've seen it coming","In Rainbows",2007,"https://i.scdn.co/image/00d97c99f9fb5872e9a44f06ae7e20fd011de125",0,52,0.214616187838691,88.4
"Nude",0.158,255387,"don't get any big ideas they're not gonna happen you paint yourself white and fill up with noise but there'll be something missing now that you've found it it's gone now that you feel it you don't you've gone off the rails so don't get any big ideas they're not gonna happen you'll go to hell for what your dirty mind is thinking","In Rainbows",2007,"https://i.scdn.co/image/00d97c99f9fb5872e9a44f06ae7e20fd011de125",0.1053,19,0.0743968956916366,26.62
"Weird Fishes/ Arpeggi",0.196,318187,"weird fishes in the deepest ocean the bottom of the sea your eyes they turn me why should i stay here why should i stay i'd be crazy not to follow follow where you lead your eyes they turn me turn me on to phantoms i follow to the edge of the earth and fall off yeah everybody leaves if they get the chance and this is my chance i get eaten by the worms and weird fishes picked over by the worms and weird fishes weird fishes weird fishes yeah i i'll hit the bottom hit the bottom and escape escape and i i'll hit the bottom hit the bottom and escape escape","In Rainbows",2007,"https://i.scdn.co/image/00d97c99f9fb5872e9a44f06ae7e20fd011de125",0.1458,48,0.150854686080827,25.1
"All I Need",0.0931,228747,"i'm the next act waiting in the wings i'm an animal trapped in your hot car i am all the days that you choose to ignore you are all i need you are all i need i'm in the middle of your picture lying in the leaves i'm a moth who just wants to share your light i'm just an insect trying to get out of the night i only stick with you because there are no others you are all i need you are all i need i'm in the middle of your picture lying in the reeds it's all wrong it's all wrong it's all wrong it's all right it's all right it's all right it's all wrong it's all right it's all right it's all right","In Rainbows",2007,"https://i.scdn.co/image/00d97c99f9fb5872e9a44f06ae7e20fd011de125",0,28,0.122405976908987,31.03
"Faust Arp",0.224,129680,"wakey wakey rise and shine it's on again off again on again watch me fall like dominoes in pretty patterns fingers in the blackbird pie i'm tingling tingling tingling it's what you feel now what you ought to what you ought to reasonable and sensible dead from the neck up i guess i'm stuffed stuffed stuffed we thought you had it in you but no no no for no real reason squeeze the tubes and empty bottles and take a bow take a bow take a bow it's what you feel now what you ought to what you ought to an elephant that's in the room is tumbling tumbling tumbling in duplicate and triplicate and plastic bags and duplicate and triplicate dead from the neck up i guess i'm stuck stuck stuck we thought you had it in you but no no no exactly where do you get off is enough is enough is enough i love you but enough is enough enough of that stuff there's no real reason you've got a head full of feathers you're gonna melt in to butter","In Rainbows",2007,"https://i.scdn.co/image/00d97c99f9fb5872e9a44f06ae7e20fd011de125",0.0172,58,0.447254780999383,40.71
"Reckoner",0.214,290213,"reckoner you can't take it with you dancing for your pleasure you are not to blame for bittersweet distractors dare not speak its name dedicated to all human all human beings because we separate like ripples on a blank shore in rainbows because we separate like ripples on a black shore reckoner take me with you dedicated to all human all human beings","In Rainbows",2007,"https://i.scdn.co/image/00d97c99f9fb5872e9a44f06ae7e20fd011de125",0.0417,24,0.0826978805222371,37.95
"House Of Cards",0.612,328293,"i don't wanna be your friend i just wanna be your lover no matter how it ends no matter how it starts forget about your house of cards and i'll do mine forget about your house of cards and i'll do mine and fall off the table get swept under denial denial the infrastructure will collapse from voltage spikes throw your keys in the bowl kiss your husband 'good night' forget about your house of cards and i'll do mine forget about your house of cards and i'll do mine and fall off the table get swept under denial denial denial denial your ears are burning denial denial your ears should be burning denial denial","In Rainbows",2007,"https://i.scdn.co/image/00d97c99f9fb5872e9a44f06ae7e20fd011de125",0.0566,53,0.161441151654163,72.43
"Jigsaw Falling Into Place",0.818,248893,"just as you take my hand just as you write my number down just as the drinks arrive just as they play your favourite song as your bad day disappears no longer wound up like a spring before you've had too much come back in focus again the walls are bending shape they've got a cheshire cat grin all blurring into one this place is on a mission before the night owl before the animal noises closed circuit cameras before you're comatose before you run away from me before you're lost between the notes the beat goes round and round the beat goes round and round i never really got there i just pretended that i had words are blunt instruments words are a sawed off shotgun come on and let it out come on and let it out come on and let it out come on and let it out before you run away from me before you're lost between the notes just as you take the mic just as you dance dance dance jigsaw falling into place so there is nothing to explain you eye each other as you pass she looks back and you look back not just once not just twice wish away your nightmare wish away the nightmare you've got the light you can feel it on your back a light you can feel it on your back jigsaw falling into place","In Rainbows",2007,"https://i.scdn.co/image/00d97c99f9fb5872e9a44f06ae7e20fd011de125",0.1077,65,0.261156400541598,84.85
"Videotape",0.0468,279634,"when i'm at the pearly gates this'll be on my videotape my videotape when mephistopheles is just beneath and he's reaching up to grab me this is one for the good days and i have it all here in red blue green in red blue green you are my center when i spin away out of control on videotape on videotape this is my way of saying goodbye because i can't do it face to face so i'm talking to you before it's too late no matter what happens now i shouldn't be afraid because i know today has been the most perfect day i've ever seen","In Rainbows",2007,"https://i.scdn.co/image/00d97c99f9fb5872e9a44f06ae7e20fd011de125",0.1071,28,0.100130885371593,16.03
"Bloom",0.325,313671,"open your mouth wide the universal sigh and while the ocean blooms it's what keeps me alive"" so why does this still hurt"" don't blow your mind with whys oooooh i'm moving out of orbit turning in somersaults turning in somersaults a giant turtle's eyes a giant turtle's eyes as jellyfish float by as jellyfish float by it's what keeps me alive","The King Of Limbs",2011,"https://i.scdn.co/image/4a93b23fa39b39a4050a9510f2b8103772a1691c",0.037,27,0.0860774505771971,48.55
"Morning Mr Magpie",0.407,280719,"you got some nerve coming here you got some nerve coming here you stole it all give it back you stole it all give it back good morning mr magpie how are we today now you've stolen all the magic and took my memory no no no no no no no you know you should but you don't you know you should but you don't good morning mr magpie how are we today now you've stolen all the magic took my melody","The King Of Limbs",2011,"https://i.scdn.co/image/4a93b23fa39b39a4050a9510f2b8103772a1691c",0,16,0.0569964982776371,59.71
"Little By Little",0.602,267154,"turned so nasty now the dark's there the pillar of my soul the last one out of the box the one who broke this spell little by little by hook or by crook i'm such a tease and you're such a flirt once you've been around you've been around enough little by little by hook or by crook never living earnest never get judged i don't know where it is i should look your clue on hold the flag and pole i’m curling with my love the last one out of the box the one who broke the seal obligations complications routines and schedules a job that's killing you killing you little by little by hook or by crook never living earnest never get judged i don't know where it is i should look little by little by hook or by crook i'm such a tease and you're such a flirt","The King Of Limbs",2011,"https://i.scdn.co/image/4a93b23fa39b39a4050a9510f2b8103772a1691c",0.1667,42,0.157212693802077,59.9
"Feral",0.751,192743,"you are not mine and i am not yours and that's okay please don't judge me repeated infinitum judge me","The King Of Limbs",2011,"https://i.scdn.co/image/4a93b23fa39b39a4050a9510f2b8103772a1691c",0,5,0.025941279320131,91.14
"Lotus Flower",0.603,300219,"i will shape myself into your pocket invisible do what you want do what you want i will shrink and i will disappear i will slip into the groove and cut me off and cut me off there's an empty space inside my heart where the weeds take root and now i'll set you free i'll set you free there's an empty space inside my heart where the weeds take root tonight i'll set you free i'll set you free slowly we unfurl as lotus flowers cause all i want is the moon upon a stick just to see what if just to see what is i can't kick your habit just to feed your fast ballooning head listen to your heart we will shrink and we'll be quiet as mice and while the cat is away do what we want do what we want there's an empty space inside my heart where the weeds take root so now i set you free i set you free cause all i want is the moon upon a stick just to see what if just to see what is the bird lights float into my room slowly we unfurl as lotus flowers cause all i want is the moon upon a stick i dance around a pit the darkness is beneath i can't kick your habit just to feed your fast ballooning head listen to your heart","The King Of Limbs",2011,"https://i.scdn.co/image/4a93b23fa39b39a4050a9510f2b8103772a1691c",0.0864,81,0.269803043778042,67.59
"Codex",0.0629,287067,"sleight of hand jump off the end into a clear lake no one around just dragonflies fantasize no one gets hurt you've done nothing wrong slide your hand jump off the end the water's clear and innocent the water's clear and innocent","The King Of Limbs",2011,"https://i.scdn.co/image/4a93b23fa39b39a4050a9510f2b8103772a1691c",0.0667,15,0.0522526100178704,21.86
"Give Up The Ghost",0.157,290067,"don't haunt me don't hurt me don't haunt me gather up the lost and sold don't haunt me in your arms don't hurt me in your arms don't haunt me gather up the pitiful don't hurt me in your arms don't haunt me in your arms don't hurt me in your arms don't haunt me in your arms don't hurt me what seems impossible don't haunt me in your arms don't hurt me in your arms don't haunt me i think i have had my fill don't hurt me in your arms don't haunt me in your arms don't hurt me in your arms don't haunt me in your arms don't hurt me i think i should give up the ghost don't haunt me into your arms don't hurt me into your arms don't haunt me into your arms don't hurt me into your arms don't haunt me into your arms don't hurt me into your arms don't haunt me into your arms don't hurt me into your arms don't haunt me into your arms don't hurt me into your arms don't haunt me into your arms don't hurt me","The King Of Limbs",2011,"https://i.scdn.co/image/4a93b23fa39b39a4050a9510f2b8103772a1691c",0.2742,62,0.213743721278187,6.46
"Separator",0.666,319249,"it's like i'm falling out of bed from a long weary dream the sweetest flowers and fruits are hanging from the trees falling off the giant bird that's been carrying me it's like i've fallen out of bed from a long weary dream just exactly as i remember every word every gesture in my heart in my mouth like i'm fallen out of bed from a long and vivid dream finally i'm free of all the weight i've been carrying and as that woman blows her cover in the eye of the beholder i'm a fish now out of water falling off a giant bird did so much did so much that's been carrying me i fell open i laid under at the tip out i was just your number i wanna slip it over and get back under and if you think this is over then you're wrong if you think this is over then you're wrong if you think this is over then you're wrong if you think this is over wake me up then you're wrong wake me up if you think this is over wake me up then you're wrong wake me up like i'm fallen out of bed wake me up from a long and vivid dream wake me up finally i'm free of all the weight i've been carrying wake me up wake me up when at last you'll give in when at last you'll give in wake me up wake me up wake me up wake me up wake me up wake me up wake me up wake me up","The King Of Limbs",2011,"https://i.scdn.co/image/4a93b23fa39b39a4050a9510f2b8103772a1691c",0.12,75,0.234926342760666,69.83
"Burn the Witch",0.625,220609,"stay in the shadows cheer at the gallows this is a round up this is a low flying panic attack sing the song on the jukebox that goes burn the witch burn the witch we know where you live red crosses on wooden doors if you float you burn loose talk around the tables abandon all reason avoid all eye contact do not react shoot the messengers this is a low flying panic attack sing the song of sixpence that goes burn the witch burn the witch we know where you live we know where you live","A Moon Shaped Pool",2016,"https://i.scdn.co/image/0d1460c036897175f4631e8480ea4a2217bf5447",0.0851,47,0.213046611878935,70.19
"Daydreaming",0.115,384439,"dreamers they never learn they never learn beyond the point of no return of no return then it's too late the damage is done the damage is done this goes beyond me beyond you a white room by a window where the sun comes through we are just happy to serve just happy to serve you efil ym fo fla h efil ym fo fla h efil ym fo fla h efil ym fo fla h efil ym fo fla h efil ym fo fla h efil ym fo fla h efil ym fo fla h efil ym fo fla h efil ym fo fla h efil ym fo fla h efil ym fo fla h efil ym fo fla h efil ym fo fla h efil ym fo fla h efil ym fo fla h","A Moon Shaped Pool",2016,"https://i.scdn.co/image/0d1460c036897175f4631e8480ea4a2217bf5447",0.038,79,0.205494239658307,28.84
"Decks Dark",0.258,281011,"then into your life there comes a darkness there's a spacecraft blocking out the sky and there's nowhere to hide you run to the back and you cover your ears but it's the loudest sound you've ever heard and all we trapped rag doll cloth people we are helpless to resist into our darkest hour but it was just a laugh just a laugh just a laugh just a laugh even at this angle and so we crumble a ten ton head made of wet sand oh this dread circumference you've gotta be kidding me the grass grows over me your face in the glass in the glass it was just a laugh just a laugh it's whatever you say it is in split infinities then into your life there comes a darkness and a spacecraft blocking out the sky and there's nowhere to hide you run to the back and you cover your ears but it's the loudest sound you've ever heard into your darkest hour when you've had enough of me when you've had enough of me sweet times when you've had enough of me when you've had enough of me sweet darling sweet times sweet times sweet times","A Moon Shaped Pool",2016,"https://i.scdn.co/image/0d1460c036897175f4631e8480ea4a2217bf5447",0.0441,68,0.241983409902103,41.09
"Desert Island Disk",0.153,224698,"now as i go upon my way so let me go upon my way born of a light born of a light the wind rushing round my open heart an open ravine with my spirit light totally alive and my spirit light through an open doorway across a street to another life and catching my reflection in a window switching on a light one i didn’t know totally alive totally released waking waking up from shutdown from a thousand years of sleep yeah you you know what i mean you know what i mean you know what i mean standing on the edge of yeah you know what i mean you know what i mean you know what i mean different types of love different types of love different types of love are possible are possible are possible are possible","A Moon Shaped Pool",2016,"https://i.scdn.co/image/0d1460c036897175f4631e8480ea4a2217bf5447",0,43,0.191367969452332,36.5
"Ful Stop",0.179,367349,"you really messed up everything you really messed up everything if you could take it all back again strike up the tinderbox why should i be good if you're not this is a foul tasting medicine a foul tasting medicine to be trapped in your full stop truth will mess you up truth will mess you up truth will mess you up truth will mess you up truth will mess you up truth will mess you up truth will mess you up truth will mess you up truth will mess you up all the good times truth will mess you up truth will mess you up all the good times truth will mess you up truth will mess you up all the good times truth will mess you up truth will mess you up all the good times truth will mess you up truth will mess you up all the good times truth will mess you up truth will mess you up all the good times truth will mess you up truth will mess you up all the good times truth will mess you up truth will mess you up all the good times when you take me back take me back again will you take me back take me back again you really me- really mess- you really messed up you really messed up you really messed up you really messed up this time you really messed up you really messed up you really messed up you really messed up this time you really messed up you really messed up you really messed up you really messed up this time","A Moon Shaped Pool",2016,"https://i.scdn.co/image/0d1460c036897175f4631e8480ea4a2217bf5447",0,82,0.223220969704559,38.88
"Glass Eyes",0.0629,172936,"hey it's me i- i just got off the train a frightening place the faces are concrete grey and i'm wondering should i turn around buy another ticket the panic is coming on strong so cold from the inside out no great drama message coming in in the oh-so-smug glassy eyed light of day glassy eyed light of day where the path trails off and heads down the mountain through the dry bush i don't know where it leads and i don't really care where the path trails off and heads down the mountain through the dry bush i don't know where it leads and i don't really care i feel this love to the core i feel this love to the core","A Moon Shaped Pool",2016,"https://i.scdn.co/image/0d1460c036897175f4631e8480ea4a2217bf5447",0,47,0.271776842300042,28.27
"Identikit",0.354,266644,"repeated background hook a moon shaped pool dancing clothes won't let me in and now i know it's never gonna be oh me the sweet-faced ones with nothing left inside that we all can love that we all can love that we all can sweet-faced ones with nothing left inside that we all can love that we all can love that we all can but now i see you messing me around i don’t want to know i don’t want to know i don’t want when i see you messing me around i don’t want to know i don’t want to know i don’t want to know broken hearts make it rain broken hearts make it rain broken hearts make it rain broken hearts make it rain broken hearts make it rain broken hearts make it rain broken hearts make it rain broken hearts make it rain broken hearts make it rain broken hearts broken hearts make it rain broken hearts make it rain broken hearts make it rain broken hearts make it rain broken hearts make it rain broken hearts make it rain broken hearts make it rain broken hearts make it rain the pieces of a ragdoll mankind that we can create that we can create that we can pieces of a ragdoll mankind that we can create that we can create but when i see you messing me around i don’t want to know i don’t want to know i don’t want now i see you messing me around i don’t want to know i don’t want to know i don’t want to know","A Moon Shaped Pool",2016,"https://i.scdn.co/image/0d1460c036897175f4631e8480ea4a2217bf5447",0.18,100,0.375031877709605,32.25
"The Numbers",0.0545,345887,"it holds us like a phantom it touches like a breeze it shines its understanding see the moon is smiling open on all channels ready to receive cause we're not at the mercy of your chimeras and spells your chimeras and spells mmmhm we are of the earth to her we do return the future is inside us it's not somewhere else it's not somewhere else it's not somewhere else one day at a time one day at a time we call upon the people the people have this power the numbers don't decide the system is a lie a river running dry the wings of butterflies and you may pour us away like soup like we're pretty broken flowers we'll take back what is ours take back what is ours one day at a time","A Moon Shaped Pool",2016,"https://i.scdn.co/image/0d1460c036897175f4631e8480ea4a2217bf5447",0.0455,44,0.127209175250877,22.82
"Present Tense",0.345,306581,"this dance this dance is like a weapon is like a weapon of self-defence of self-defence against the present against the present the present tense no i won't get heavy no don't get heavy keep it light and keep it moving i am doing no harm as my world comes crashing down i'll be dancing freaking out deaf dumb and blind in you i'm lost in you i'm lost i won't turn around or the penny drops won't stop now won't slack off or all this love will be in vain to stop from falling down a mine it's no one's business but mine where all this love has been in vain in you i'm lost in you i'm lost in you i'm lost in you i'm lost","A Moon Shaped Pool",2016,"https://i.scdn.co/image/0d1460c036897175f4631e8480ea4a2217bf5447",0.1795,39,0.127209448726438,35.56
"Tinker Tailor Soldier Sailor Rich Man Poor Man Beggar Man Thief",0.0517,303689,"all the holes at once are coming alive set free out of sight and out of mind the lonely and their prey the ones you light your fires to keep away is crawling out upon its belly and all you have to do is say yes all the birds stay up in the trees all the fish swim down to the deep the lonely and their prey i am here come to me before it's too late the one you light your fires to keep away is crawling out upon its belly and all you have to do is say yes","A Moon Shaped Pool",2016,"https://i.scdn.co/image/0d1460c036897175f4631e8480ea4a2217bf5447",0.1154,26,0.0856139010632588,15.8
"True Love Waits",0.0378,283464,"i’ll drown my beliefs to have your babies i’ll dress like your niece and wash your swollen feet just don’t leave don’t leave i’m not living i’m just killing time your tiny hands your crazy kitten smile just don’t leave don’t leave and true love waits in haunted attics and true love lives on lollipops and crisps just don’t leave don’t leave","A Moon Shaped Pool",2016,"https://i.scdn.co/image/0d1460c036897175f4631e8480ea4a2217bf5447",0.2381,42,0.148166963000593,1
